date,ticker,name,country,entry_price,currency,score,trend,rs,preset
2026-10-05,ONIT,ONITY GROUP INC.,US,27.26,USD,93.6,약세,7,균형
2026-10-05,WTM,WHITE MOUNTAINS INSURANCE GROUP LTD,US,2020.92,USD,88.7,약세,37,균형
2026-10-05,VEL,"Velocity Financial, Inc.",US,14.59,USD,88.2,약세,15,균형
2026-10-05,042420.KQ,네오위즈홀딩스,KR,22300.0,KRW,86.0,약세,65,균형
2026-10-05,NPB,NORTHPOINTE BANCSHARES INC,US,15.35,USD,85.7,약세,19,균형
2026-10-05,RIGL,RIGEL PHARMACEUTICALS INC,US,47.15,USD,85.2,상승 추세,91,균형
2026-10-05,AMPY,Amplify Energy Corp.,US,4.36,USD,85.1,약세,45,균형
2026-10-05,RNR,RENAISSANCERE HOLDINGS LTD,US,325.53,USD,83.9,상승 추세,62,균형
2026-10-05,016610.KS,DB증권,KR,10500.0,KRW,83.8,조정 중,59,균형
2026-10-05,BFH,"BREAD FINANCIAL HOLDINGS, INC.",US,98.05,USD,83.1,상승 추세,68,균형
2026-10-05,PFS,PROVIDENT FINANCIAL SERVICES INC,US,22.58,USD,81.5,약세,51,균형
2026-10-05,SD,SANDRIDGE ENERGY INC,US,13.62,USD,81.3,약세,50,균형
2026-10-05,TG,TREDEGAR CORP,US,7.03,USD,80.6,약세,30,균형
2026-10-05,264450.KQ,유비쿼스,KR,11780.0,KRW,80.5,조정 중,64,균형
2026-10-05,GLRE,"GREENLIGHT CAPITAL RE, LTD.",US,14.75,USD,80.4,약세,28,균형
2026-10-05,GMED,GLOBUS MEDICAL INC,US,75.6,USD,80.2,조정 중,34,균형
2026-10-05,029460.KS,케이씨,KR,44000.0,KRW,80.1,상승 추세,91,균형
2026-10-05,GSL,"Global Ship Lease, Inc.",US,45.79,USD,79.0,상승 추세,83,균형
2026-10-05,017890.KQ,한국알콜,KR,15770.0,KRW,79.0,상승 추세,92,균형
2026-10-05,TRS,TRIMAS CORP,US,39.12,USD,78.3,약세,53,균형
